{
  "intrinsic_rgb": [
    [
      520.17741003328,
      0.0,
      320.44606592253
    ],
    [
      0.0,
      520.448330764431,
      245.412809831897
    ],
    [
      0.0,
      0.0,
      1.0
    ]
  ],
  "distortion_rgb": [
    [
      0.0408755505586038,
      -0.151203306720608,
      0.0,
      0.0
    ]
  ],
  "intrinsic_depth": [
    [
      582.303072736229,
      0.0,
      324.195077767935
    ],
    [
      0.0,
      583.231593110788,
      242.838433019505
    ],
    [
      0.0,
      0.0,
      1.0
    ]
  ],
  "distortion_depth": [
    [
      -0.111986473281368,
      0.258430129143155,
      0.0,
      0.0
    ]
  ],
  "intrinsic_thermal": [
    [
      669.107295644785,
      0.0,
      293.370250086576
    ],
    [
      0.0,
      669.206227281808,
      252.511498106428
    ],
    [
      0.0,
      0.0,
      1.0
    ]
  ],
  "distortion_thermal": [
    [
      -0.314674523541988,
      0.177249590282903,
      0.0,
      0.0
    ]
  ],
  "registration_rgb": [
    [
      1.1304601483563157,
      -0.0048472783391162655,
      -23.530400917919476
    ],
    [
      0.002663314908326544,
      1.1256272994874212,
      -32.92254687895292
    ],
    [
      0.0,
      0.0,
      1.0
    ]
  ],
  "registration_thermal": [
    [
      0.8875835760762183,
      0.0005727179419573628,
      50.809429206519496
    ],
    [
      -0.0014714396196862478,
      0.8827778696005323,
      16.638996333078914
    ],
    [
      0.0,
      0.0,
      1.0
    ]
  ]
}