{
  "camera_matrix_rgb": [
    [
      526.672,
      0.0,
      321.7163
    ],
    [
      0.0,
      526.3124,
      238.2132
    ],
    [
      0.0,
      0.0,
      1.0
    ]
  ],
  "distortion_coefficients_rgb": [
    0.0527031318918257,
    -0.183377071975527,
    0.0,
    0.0
  ],
  "camera_matrix_thermal": [
    [
      660.3383,
      0.0,
      314.003
    ],
    [
      0.0,
      660.2499,
      262.6747
    ],
    [
      0.0,
      0.0,
      1.0
    ]
  ],
  "distortion_coefficients_thermal": [
    -0.354194168877266,
    0.24724915190363,
    0.0,
    0.0
  ],
  "rotation_matrix_thermal_to_rgb": [
    [
      1.0,
      0.0056,
      0.0054
    ],
    [
      -0.0057,
      0.9999,
      0.0118
    ],
    [
      -0.0054,
      -0.0119,
      0.9999
    ]
  ],
  "translation_thermal_to_rgb": [
    46.9877749036405,
    -1.13673441226465,
    8.6387200654199
  ],
  "alignment_thermal": [
    [
      0.7988,
      -0.0066,
      59.1285
    ],
    [
      0.0047,
      0.8064,
      19.0068
    ]
  ],
  "alignment_depth": [
    [
      1.0,
      0.0,
      8.0
    ],
    [
      0.0,
      1.0,
      -8.0
    ]
  ],
  "bounding_box": [
    34,
    406,
    59,
    567
  ]
}