{
  "camera_matrix_rgb": [
    [
      525.8014,
      0.0,
      318.6809
    ],
    [
      0.0,
      525.4447,
      254.6088
    ],
    [
      0.0,
      0.0,
      1.0
    ]
  ],
  "distortion_coefficients_rgb": [
    0.0471335424002648,
    -0.171555481426695,
    0.0,
    0.0
  ],
  "camera_matrix_thermal": [
    [
      673.0937,
      0.0,
      289.9129
    ],
    [
      0.0,
      672.4549,
      252.0157
    ],
    [
      0.0,
      0.0,
      1.0
    ]
  ],
  "distortion_coefficients_thermal": [
    -0.316811237613626,
    0.16972378464877,
    0.0,
    0.0
  ],
  "rotation_matrix_thermal_to_rgb": [
    [
      0.9998,
      -0.0059,
      0.0196
    ],
    [
      0.0054,
      0.9997,
      0.024
    ],
    [
      -0.0197,
      -0.0239,
      0.9995
    ]
  ],
  "translation_thermal_to_rgb": [
    38.0401515441699,
    8.3080087286094,
    6.19926596421225
  ],
  "alignment_thermal": [
    [
      0.7827,
      0.0041,
      72.2249
    ],
    [
      -0.0042,
      0.7833,
      44.4209
    ]
  ],
  "alignment_depth": [
    [
      1.0,
      0.0,
      -3.0
    ],
    [
      0.0,
      1.0,
      2.0
    ]
  ],
  "bounding_box": [
    45,
    417,
    75,
    573
  ]
}