{
  "intrinsic_rgb": [
    [
      521.984971340304,
      0.0,
      322.266536062717
    ],
    [
      0.0,
      522.273157670242,
      235.815010596086
    ],
    [
      0.0,
      0.0,
      1.0
    ]
  ],
  "distortion_rgb": [
    [
      0.0475466928923029,
      -0.156001708728666,
      0.0,
      0.0
    ]
  ],
  "intrinsic_depth": [
    [
      590.300159124275,
      0.0,
      324.281220802869
    ],
    [
      0.0,
      590.075987170292,
      231.147413491571
    ],
    [
      0.0,
      0.0,
      1.0
    ]
  ],
  "distortion_depth": [
    [
      -0.122664210056953,
      0.263966163351771,
      0.0,
      0.0
    ]
  ],
  "intrinsic_thermal": [
    [
      655.104290578168,
      0.0,
      310.397368738008
    ],
    [
      0.0,
      655.448192314007,
      264.015284799897
    ],
    [
      0.0,
      0.0,
      1.0
    ]
  ],
  "distortion_thermal": [
    [
      -0.344667816469097,
      0.206668104460616,
      0.0,
      0.0
    ]
  ],
  "registration_rgb": [
    [
      1.1259348191704341,
      0.002931393298988763,
      -31.254823713996263
    ],
    [
      -0.00023231294845161603,
      1.1126745193648944,
      -24.821499660274895
    ],
    [
      0.0,
      0.0,
      1.0
    ]
  ],
  "registration_thermal": [
    [
      0.9001360003916715,
      -0.0017728434370907794,
      28.524244278645046
    ],
    [
      0.007686090211109655,
      0.8911080871754326,
      -3.1921501825289944
    ],
    [
      0.0,
      0.0,
      1.0
    ]
  ]
}